Rk,Year,Lg,Rd,Pk,Tm,Player,Age,Pos,Born,College,From,To,G,MP,PTS,TRB,AST,STL,BLK,FG%,2P%,3P%,FT%,WS,WS/48
1,2012,NBA,1,1,NOH,Anthony Davis,19.114,F-C,us,University of Kentucky,2013,2018,410,34.8,23.4,10.3,1.9,1.3,2.4,0.517,0.531,0.309,0.795,62.5,0.21
2,2011,NBA,1,30,CHI,Jimmy Butler,21.287,F-G,us,Marquette University,2012,2018,458,32.8,16.4,4.9,3.4,1.5,0.5,0.452,0.485,0.339,0.832,58.2,0.186
3,2012,NBA,1,6,POR,Damian Lillard,21.354,G,us,Weber State University,2013,2018,469,36.4,23.1,4.1,6.2,0.9,0.3,0.432,0.477,0.368,0.884,58.2,0.164
4,2011,NBA,1,15,IND,Kawhi Leonard,19.364,F,us,San Diego State University,2012,2018,407,30.4,16.3,6.2,2.3,1.8,0.7,0.495,0.537,0.386,0.846,56.3,0.219
5,2010,NBA,1,10,IND,Paul George,20.058,F,us,"California State University, Fresno",2011,2018,527,33.4,18.6,6.2,3.2,1.7,0.4,0.432,0.468,0.376,0.844,53.4,0.146
6,2011,NBA,1,1,CLE,Kyrie Irving,19.096,G,au,Duke University,2012,2018,441,33.9,22,3.4,5.5,1.3,0.3,0.462,0.493,0.388,0.875,49.3,0.158
7,2010,NBA,1,7,DET,Greg Monroe,20.025,C-F,us,Georgetown University,2011,2018,589,28.9,13.7,8.6,2.3,1.1,0.6,0.515,0.516,0,0.707,48.6,0.137
8,2012,NBA,1,9,DET,Andre Drummond,18.327,C,us,University of Connecticut,2013,2018,463,30.4,13.6,13.4,1.1,1.3,1.5,0.545,0.547,0.167,0.421,46.4,0.158
9,2011,NBA,2,60,SAC,Isaiah Thomas,22.141,G,us,University of Washington,2012,2018,473,29.8,18.9,2.6,5.1,0.9,0.1,0.439,0.488,0.361,0.877,45.6,0.155
10,2010,NBA,1,1,WAS,John Wall,19.296,G,us,University of Kentucky,2011,2018,541,35.9,18.9,4.4,9.2,1.7,0.7,0.432,0.454,0.327,0.786,43.2,0.107
11,2010,NBA,1,9,UTA,Gordon Hayward,20.098,F-G,us,Butler University,2011,2018,517,31.3,15.6,4.2,3.4,1,0.4,0.444,0.478,0.368,0.82,43,0.128
12,2010,NBA,1,5,SAC,DeMarcus Cousins,19.32,C-F,us,University of Kentucky,2011,2018,535,32.3,21.5,11,3.2,1.4,1.2,0.46,0.474,0.338,0.737,41.6,0.115
13,2010,NBA,1,3,NJN,Derrick Favors,18.349,F-C,us,Georgia Institute of Technology,2011,2018,556,26.1,11.6,7.2,1.1,0.8,1.3,0.517,0.523,0.202,0.663,41.5,0.138
14,2011,NBA,1,11,GSW,Klay Thompson,21.14,G-F,us,Washington State University,2012,2018,537,32.9,19.2,3.4,2.3,0.9,0.5,0.458,0.486,0.422,0.852,41.5,0.113
15,2011,NBA,1,5,TOR,Jonas Valanciunas,19.052,C,lt,,2013,2018,440,25.5,11.7,8.5,0.7,0.4,1,0.558,0.562,0.397,0.785,41.2,0.176
16,2011,NBA,1,9,CHA,Kemba Walker,21.051,G,us,University of Connecticut,2012,2018,523,33.9,18.9,3.7,5.4,1.3,0.4,0.415,0.445,0.358,0.834,41.2,0.111
17,2012,NBA,2,35,GSW,Draymond Green,22.122,F,us,Michigan State University,2013,2018,467,27.7,9.3,6.9,4.6,1.4,1.1,0.438,0.505,0.327,0.707,39,0.145
18,2013,NBA,1,15,MIL,Giannis Antetokounmpo,18.208,F-G,gr,,2014,2018,393,32.7,17.2,7.5,3.8,1.2,1.3,0.506,0.537,0.284,0.746,38.9,0.145
19,2013,NBA,1,27,DEN,Rudy Gobert,21.006,C,fr,,2014,2018,325,28,10,10,1.2,0.6,2.2,0.614,0.615,0,0.629,38.5,0.203
20,2011,NBA,1,4,CLE,Tristan Thompson,20.107,F-C,ca,University of Texas at Austin,2012,2018,519,27.8,9,8.4,0.8,0.5,0.7,0.518,0.519,0,0.608,37.4,0.124
21,2011,NBA,1,22,DEN,Kenneth Faried,21.221,F,us,Morehead State University,2012,2018,441,24.9,11.4,8.2,1,0.8,0.8,0.543,0.546,0.1,0.655,35.9,0.157
22,2010,NBA,1,13,TOR,Ed Davis,21.024,F,us,University of North Carolina,2011,2018,559,20.6,6.6,6.5,0.8,0.5,0.9,0.564,0.565,0,0.579,35.5,0.148
23,2015,NBA,1,1,MIN,Karl-Anthony Towns,19.227,C-F,us,University of Kentucky,2016,2018,246,34.9,21.6,11.7,2.4,0.7,1.4,0.543,0.575,0.387,0.836,34.9,0.196
24,2011,NBA,1,3,UTA,Enes Kanter,19.038,C,ch,,2012,2018,516,21.9,11.7,7.3,0.7,0.4,0.5,0.539,0.545,0.294,0.779,34.1,0.145
25,2011,NBA,1,19,CHA,Tobias Harris,18.347,F,us,University of Tennessee,2012,2018,464,29.6,14.6,5.6,1.7,0.8,0.5,0.467,0.508,0.355,0.812,32.3,0.113
26,2011,NBA,1,16,PHI,Nikola Vucevic,20.247,C,ch,University of Southern California,2012,2018,456,29.8,14.8,9.8,2.2,0.8,0.9,0.499,0.509,0.308,0.729,31.6,0.112
27,2010,NBA,2,33,SAC,Hassan Whiteside,21.016,C,us,Marshall University,2011,2018,271,26.8,13.6,11.4,0.5,0.6,2.4,0.575,0.575,1,0.627,30.5,0.202
28,2013,NBA,1,12,OKC,Steven Adams,19.347,C,nz,University of Pittsburgh,2014,2018,387,25.5,8.8,6.9,0.9,0.8,1,0.586,0.587,0,0.567,29.6,0.144
29,2011,NBA,2,38,HOU,Chandler Parsons,22.246,F,us,University of Florida,2012,2018,410,31,13.1,4.6,2.8,0.9,0.4,0.466,0.524,0.377,0.708,29.1,0.11
30,2012,NBA,1,3,WAS,Bradley Beal,19.005,G,us,University of Florida,2013,2018,406,33.9,18.7,3.7,3.4,1.1,0.3,0.446,0.474,0.393,0.795,28.9,0.101
31,2010,NBA,1,18,OKC,Eric Bledsoe,20.202,G,us,University of Kentucky,2011,2018,492,27.7,13.8,3.8,4.7,1.5,0.5,0.449,0.491,0.337,0.799,28.8,0.102
32,2010,NBA,1,14,HOU,Patrick Patterson,21.107,F,us,University of Kentucky,2011,2018,559,22.7,7.3,4.3,1.1,0.6,0.5,0.455,0.502,0.37,0.757,27.6,0.104
33,2014,NBA,2,41,DEN,Nikola Jokic,19.132,C-F,rs,,2016,2018,228,27.3,14.9,9.1,4.4,1,0.7,0.53,0.572,0.366,0.832,27.1,0.209
34,2010,NBA,1,23,MIN,Trevor Booker,22.217,F,us,Clemson University,2011,2018,532,20.4,6.9,5.5,1.1,0.7,0.5,0.515,0.534,0.305,0.636,26.2,0.116
35,2012,NBA,1,7,GSW,Harrison Barnes,20.034,F,us,University of North Carolina,2013,2018,463,30.4,13.1,4.9,1.5,0.7,0.2,0.451,0.481,0.367,0.789,26.1,0.089
36,2013,NBA,1,3,WAS,Otto Porter,20.029,F,us,Georgetown University,2014,2018,343,26.4,10.5,4.9,1.4,1.1,0.4,0.487,0.534,0.404,0.789,25.8,0.137
37,2013,NBA,1,22,BRK,Mason Plumlee,23.12,C-F,us,Duke University,2014,2018,389,22.3,8.6,6.3,2,0.8,1,0.566,0.57,0,0.565,25.2,0.139
38,2012,NBA,2,39,DET,Khris Middleton,20.326,F-G,us,Texas A&M University,2013,2018,378,31.8,15.1,4.1,3,1.4,0.2,0.454,0.484,0.391,0.877,24.9,0.099
39,2012,NBA,2,34,CLE,Jae Crowder,21.363,F,us,Marquette University,2013,2018,463,23.7,9,3.8,1.4,1,0.3,0.429,0.511,0.341,0.791,24.3,0.106
40,2011,NBA,1,24,OKC,Reggie Jackson,21.073,G,it,Boston College,2012,2018,448,24.8,12.4,3,4.4,0.7,0.1,0.43,0.472,0.32,0.857,23.3,0.101
41,2011,NBA,1,14,HOU,Marcus Morris,21.299,F,us,University of Kansas,2012,2018,470,26.3,11.2,4.4,1.5,0.7,0.2,0.428,0.471,0.357,0.731,22.3,0.087
42,2013,NBA,1,10,POR,C.J. McCollum,21.287,G,us,Lehigh University,2014,2018,341,29.2,17.2,3,2.9,0.9,0.3,0.454,0.476,0.408,0.842,22.2,0.107
43,2011,NBA,1,13,PHO,Markieff Morris,21.299,F,us,University of Kansas,2012,2018,521,26.4,11.9,5.6,1.7,0.9,0.6,0.451,0.481,0.338,0.778,22.1,0.077
44,2013,NBA,1,2,ORL,Victor Oladipo,21.059,G,us,Indiana University,2014,2018,366,33.4,17.4,4.5,3.8,1.7,0.5,0.445,0.483,0.353,0.8,21.9,0.086
45,2010,NBA,1,8,LAC,Al-Farouq Aminu,19.281,F,us,Wake Forest University,2011,2018,589,24.8,7.5,5.9,1.2,1,0.6,0.421,0.464,0.336,0.726,21.6,0.071
46,2013,NBA,1,21,UTA,Gorgui Dieng,23.166,C,sn,University of Louisville,2014,2018,376,24.5,8.3,6.7,1.5,0.9,1.1,0.506,0.517,0.328,0.785,21.6,0.112
47,2011,NBA,1,7,SAC,Bismack Biyombo,18.303,C-F,cd,,2012,2018,529,20.9,5,6.5,0.5,0.3,1.4,0.513,0.514,0,0.566,20.9,0.091
48,2014,NBA,1,25,HOU,Clint Capela,20.044,C,ch,,2015,2018,228,22.6,10.6,8.1,0.8,0.7,1.4,0.629,0.63,0,0.482,20.6,0.193
49,2013,NBA,1,4,CHA,Cody Zeller,20.27,C-F,us,Indiana University,2014,2018,312,22.5,7.9,5.6,1.3,0.7,0.7,0.504,0.506,0.25,0.732,20.2,0.138
50,2013,NBA,1,13,DAL,Kelly Olynyk,22.075,C-F,ca,Gonzaga University,2014,2018,354,21.3,9.9,4.9,1.9,0.7,0.5,0.481,0.542,0.371,0.75,20.2,0.128
51,2013,NBA,1,8,DET,Kentavious Caldwell-Pope,20.134,G,us,University of Georgia,2014,2018,388,30.8,12,3.4,1.7,1.2,0.2,0.409,0.462,0.345,0.786,19.8,0.08
52,2012,NBA,1,2,CHA,Michael Kidd-Gilchrist,18.28,F,us,University of Kentucky,2013,2018,357,26.7,9.1,5.9,1.2,0.7,0.7,0.477,0.481,0.194,0.707,18.7,0.094
53,2012,NBA,1,14,MIL,John Henson,21.188,C-F,us,University of North Carolina,2013,2018,391,20.4,7.9,5.5,1.1,0.5,1.5,0.541,0.544,0.077,0.572,18.7,0.113
54,2010,NBA,1,2,PHI,Evan Turner,21.245,G,us,Ohio State University,2011,2018,613,27.9,10.2,4.8,3.5,0.8,0.3,0.433,0.456,0.301,0.788,18.5,0.052
55,2011,NBA,1,29,SAS,Cory Joseph,19.312,G,ca,University of Texas at Austin,2012,2018,446,20.8,7,2.4,2.6,0.7,0.2,0.45,0.481,0.329,0.765,18.3,0.095
56,2011,NBA,1,23,HOU,Nikola Mirotic,20.137,F,me,,2015,2018,273,23.7,11.8,5.7,1.3,0.8,0.7,0.419,0.494,0.357,0.801,17.4,0.129
57,2012,NBA,1,17,DAL,Tyler Zeller,22.168,F-C,us,University of North Carolina,2013,2018,406,17.6,7,4.4,0.9,0.3,0.6,0.508,0.512,0.294,0.764,16.8,0.112
58,2012,NBA,1,20,DEN,Evan Fournier,19.247,G-F,fr,,2013,2018,376,27.2,13.1,2.7,2.3,0.8,0.1,0.448,0.495,0.379,0.804,16.2,0.076
59,2012,NBA,1,15,PHI,Maurice Harkless,19.053,F-G,us,St. John's University,2013,2018,415,23,7.3,3.6,0.9,1,0.6,0.474,0.538,0.33,0.607,15.8,0.08
60,2012,NBA,2,49,ORL,Kyle O'Quinn,22.1,F-C,us,Norfolk State University,2013,2018,398,15.2,5.8,4.9,1.3,0.4,1,0.518,0.535,0.223,0.745,15.8,0.126
61,2015,NBA,1,11,IND,Myles Turner,19.097,C-F,us,University of Texas at Austin,2016,2018,206,27.9,12.7,6.5,1.1,0.7,1.8,0.498,0.522,0.346,0.783,15.8,0.132
62,2010,NBA,2,40,IND,Lance Stephenson,19.297,G-F,us,University of Cincinnati,2011,2018,440,24.4,8.8,4.3,3,0.7,0.1,0.446,0.496,0.303,0.685,15.5,0.069
63,2012,NBA,1,12,HOU,Jeremy Lamb,20.034,G-F,us,University of Connecticut,2013,2018,356,18.7,9.1,3.2,1.4,0.6,0.3,0.445,0.503,0.336,0.837,15.4,0.111
64,2012,NBA,1,21,BOS,Jared Sullinger,20.121,F,us,Ohio State University,2013,2017,269,24.3,10.8,7.5,1.8,0.7,0.6,0.436,0.476,0.272,0.723,15.3,0.113
65,2012,NBA,2,40,POR,Will Barton,21.179,G,us,University of Memphis,2013,2018,395,22.8,10.4,3.9,2.3,0.7,0.4,0.434,0.481,0.341,0.79,15.2,0.081
66,2012,NBA,1,8,TOR,Terrence Ross,21.149,F-G,us,University of Washington,2013,2018,411,23.8,9.6,2.6,1,0.8,0.3,0.421,0.475,0.371,0.798,14.9,0.073
67,2014,NBA,2,45,CHH,Dwight Powell,22.347,F-C,ca,Stanford University,2015,2018,254,16.7,6.6,4.2,0.8,0.7,0.4,0.535,0.581,0.292,0.739,14.9,0.17
68,2012,NBA,1,18,HOU,Terrence Jones,20.176,F,us,University of Kentucky,2013,2017,232,24,10.5,5.7,1,0.6,1.2,0.501,0.539,0.299,0.622,14.8,0.128
69,2010,NBA,1,19,BOS,Avery Bradley,19.215,G,us,University of Texas at Austin,2011,2018,459,28.4,12.3,3,1.7,1.1,0.2,0.439,0.472,0.366,0.772,14.2,0.052
70,2011,NBA,1,2,MIN,Derrick Williams,20.034,F,us,University of Arizona,2012,2018,428,20.7,8.9,4,0.7,0.5,0.3,0.434,0.484,0.3,0.71,14.1,0.076
71,2011,NBA,2,50,PHI,Lavoy Allen,22.144,F-C,us,Temple University,2012,2017,388,17.8,4.8,4.8,1,0.3,0.6,0.471,0.474,0.133,0.682,13.8,0.096
72,2014,NBA,1,19,CHI,Gary Harris,19.29,G,us,Michigan State University,2015,2018,255,28.4,12.3,2.5,2.1,1.3,0.2,0.469,0.539,0.371,0.803,13.4,0.089
73,2014,NBA,1,23,UTA,Rodney Hood,21.254,G-F,us,Duke University,2015,2018,248,27.5,13,3,2,0.8,0.2,0.419,0.461,0.369,0.828,13.4,0.095
74,2013,NBA,1,24,NYK,Tim Hardaway,21.108,G,us,University of Michigan,2014,2018,338,25,12.1,2.4,1.7,0.6,0.2,0.425,0.503,0.344,0.806,13.2,0.075
75,2013,NBA,2,31,CLE,Allen Crabbe,21.084,G-F,us,University of California,2014,2018,301,24.4,9.5,2.8,1.2,0.6,0.3,0.439,0.485,0.397,0.849,13,0.085
76,2014,NBA,1,4,ORL,Aaron Gordon,18.288,F,us,University of Arizona,2015,2018,263,26.1,11.4,5.8,1.7,0.8,0.6,0.451,0.517,0.309,0.698,13,0.091
77,2013,NBA,1,26,MIN,Andre Roberson,21.211,G-F,us,University of Colorado,2014,2018,295,22.5,4.6,4,0.9,0.9,0.7,0.482,0.609,0.257,0.467,12.7,0.092
78,2014,NBA,1,30,SAS,Kyle Anderson,20.284,F-G,us,"University of California, Los Angeles",2015,2018,257,17.9,4.9,3.6,1.7,0.9,0.5,0.478,0.501,0.338,0.733,12.7,0.132
79,2010,NBA,1,28,MEM,Greivis Vasquez,23.165,G,ve,University of Maryland,2011,2017,401,23.7,9,2.5,4.8,0.6,0.1,0.418,0.456,0.349,0.817,12.6,0.064
80,2013,NBA,1,5,PHO,Alex Len,20.016,C,ua,University of Maryland,2014,2018,335,19.9,7.2,6.5,0.8,0.4,1,0.485,0.489,0.24,0.707,12.4,0.089
81,2014,NBA,1,1,CLE,Andrew Wiggins,19.128,F-G,ca,University of Kansas,2015,2018,327,36.2,19.7,4.1,2.1,1,0.5,0.447,0.472,0.33,0.741,12.4,0.05
82,2011,NBA,2,40,MIL,Jon Leuer,22.045,F,us,University of Wisconsin,2012,2018,336,16.5,6.7,4,0.9,0.4,0.3,0.478,0.512,0.335,0.769,12.3,0.107
83,2013,NBA,1,6,NOH,Nerlens Noel,19.083,C-F,us,University of Kentucky,2015,2018,223,26,9.3,7.2,1.4,1.6,1.4,0.512,0.513,0.25,0.624,12.3,0.102
84,2015,NBA,1,4,NYK,Kristaps Porzingis,19.332,F-C,lv,,2016,2018,186,31,17.8,7.1,1.3,0.7,2,0.437,0.467,0.361,0.804,12.1,0.1
85,2011,NBA,2,55,BOS,E'Twaun Moore,22.12,G,us,Purdue University,2012,2018,462,21,7.6,2,1.8,0.7,0.2,0.455,0.489,0.385,0.74,11.9,0.059
86,2014,NBA,1,10,PHI,Elfrid Payton,20.129,G,us,University of Louisiana at Lafayette,2015,2018,300,29.5,11.2,4.2,6.4,1.3,0.3,0.457,0.479,0.298,0.619,11.8,0.064
87,2012,NBA,2,43,ATL,Mike Scott,23.353,F,us,University of Virginia,2013,2018,357,16,7.4,3,0.9,0.3,0.1,0.476,0.54,0.351,0.762,11.7,0.098
88,2014,NBA,1,7,LAL,Julius Randle,19.214,F-C,us,University of Kentucky,2015,2018,238,27.8,13.5,8.9,2.6,0.6,0.5,0.493,0.507,0.257,0.717,11.7,0.085
89,2011,NBA,1,8,DET,Brandon Knight,19.208,G,us,University of Kentucky,2012,2017,382,31.3,15.2,3.3,4.3,0.9,0.2,0.415,0.445,0.357,0.812,11.6,0.047
90,2011,NBA,2,31,MIA,Bojan Bogdanovic,22.071,G-F,ba,,2015,2018,318,26.8,12.1,3.2,1.2,0.5,0.1,0.452,0.513,0.378,0.863,11.6,0.066
91,2011,NBA,1,12,UTA,Alec Burks,19.343,G,us,University of Colorado,2012,2018,365,21,9.7,2.9,1.6,0.6,0.1,0.426,0.447,0.353,0.765,11.5,0.072
92,2011,NBA,1,17,NYK,Iman Shumpert,21.002,G,us,Georgia Institute of Technology,2012,2018,384,25.4,7.3,3.4,1.9,1.2,0.2,0.396,0.441,0.338,0.763,11.5,0.057
93,2015,NBA,1,27,LAL,Larry Nance Jr.,22.18,F-C,us,University of Wyoming,2016,2018,192,21.5,7.1,5.9,1.2,1.2,0.5,0.547,0.566,0.224,0.689,11.5,0.134
94,2014,NBA,1,6,BOS,Marcus Smart,20.117,G,us,Oklahoma State University,2015,2018,261,28.7,9.4,3.7,3.9,1.5,0.4,0.36,0.422,0.293,0.756,10.9,0.07
95,2014,NBA,1,14,PHO,T.J. Warren,20.299,F,us,North Carolina State University,2015,2018,218,26.9,13.7,4.1,1.1,0.9,0.5,0.5,0.527,0.283,0.754,10.9,0.089
96,2014,NBA,2,39,PHI,Jerami Grant,20.111,F,us,Syracuse University,2015,2018,303,21.9,7.5,3.6,1,0.5,1.2,0.444,0.507,0.301,0.641,10.9,0.079
97,2010,NBA,1,4,MIN,Wesley Johnson,22.354,F-G,us,Syracuse University,2011,2018,571,22.7,7.2,3.2,1.1,0.8,0.7,0.406,0.462,0.337,0.743,10.7,0.04
98,2015,NBA,1,6,SAC,Willie Cauley-Stein,21.316,F-C,us,University of Kentucky,2016,2018,214,22.8,9.4,5.6,1.4,0.8,0.8,0.524,0.527,0.188,0.641,10.7,0.105
99,2010,NBA,2,39,NYK,Landry Fields,22.002,F,us,Stanford University,2011,2015,255,23.6,6.8,4.3,1.6,0.8,0.2,0.473,0.52,0.332,0.666,10.5,0.084
100,2015,NBA,2,32,HOU,Montrezl Harrell,21.155,F-C,us,University of Louisville,2016,2018,173,15.8,8.7,3.4,0.9,0.4,0.6,0.642,0.65,0.133,0.614,10.5,0.184
101,2012,NBA,1,11,POR,Meyers Leonard,20.127,C-F,us,University of Illinois at Urbana-Champaign,2013,2018,332,15.7,5.5,3.7,0.8,0.2,0.3,0.468,0.53,0.373,0.824,10.4,0.096
102,2010,NBA,1,15,MIL,Larry Sanders,21.22,C-F,us,Virginia Commonwealth University,2011,2017,238,19.5,6.4,5.7,0.7,0.6,1.8,0.48,0.481,0,0.553,10.3,0.107
103,2013,NBA,1,20,CHI,Tony Snell,21.235,G-F,us,University of New Mexico,2014,2018,368,22.6,6.3,2.4,1.1,0.5,0.2,0.42,0.474,0.38,0.809,10.3,0.059
104,2013,NBA,1,17,ATL,Dennis Schroder,19.29,G,de,,2014,2018,352,23.7,12.9,2.5,4.8,0.8,0.1,0.434,0.471,0.32,0.827,10.2,0.059
105,2014,NBA,1,2,MIL,Jabari Parker,19.108,F,us,Duke University,2015,2018,183,30.7,15.3,5.5,2,1,0.4,0.49,0.512,0.352,0.747,10.2,0.087
106,2012,NBA,1,26,IND,Miles Plumlee,23.306,C-F,us,Duke University,2013,2018,328,16.7,4.9,4.6,0.5,0.4,0.8,0.537,0.537,,0.544,10.1,0.089
107,2015,NBA,2,40,MIA,Josh Richardson,21.288,G,us,University of Tennessee,2016,2018,186,29.1,10.3,3,2.4,1.2,0.7,0.434,0.473,0.376,0.787,10.1,0.09
108,2011,NBA,2,33,DET,Kyle Singler,23.055,F,us,Duke University,2013,2018,356,21.9,6.5,2.9,0.8,0.6,0.3,0.418,0.458,0.362,0.786,10,0.062
109,2010,NBA,1,11,NOH,Cole Aldrich,21.241,C,us,University of Kansas,2011,2018,339,10,3.1,3.3,0.5,0.4,0.7,0.527,0.527,,0.738,9.6,0.135
110,2013,NBA,2,44,DAL,Mike Muscala,22.002,F-C,us,Bucknell University,2014,2018,243,14.7,5.4,3.1,0.9,0.4,0.5,0.491,0.547,0.378,0.848,9.5,0.127
111,2011,NBA,2,34,WAS,Shelvin Mack,21.067,G,us,Butler University,2012,2018,399,17.9,6.4,2,3.1,0.6,0.1,0.427,0.477,0.326,0.74,9.4,0.063
112,2015,NBA,1,9,CHO,Frank Kaminsky,22.087,F-C,us,University of Wisconsin,2016,2018,235,23.4,10,4.1,1.7,0.5,0.4,0.412,0.457,0.347,0.765,9.2,0.08
113,2013,NBA,2,50,ATL,James Ennis,23.002,F,us,"California State University, Long Beach",2015,2018,220,20.4,6.4,3.2,0.9,0.6,0.3,0.454,0.521,0.359,0.811,9.1,0.097
114,2010,NBA,1,6,GSW,Ekpe Udoh,23.041,C-F,us,Baylor University,2011,2018,333,16.1,3.7,3,0.7,0.5,1.2,0.437,0.439,0,0.724,8.9,0.079
115,2010,NBA,1,26,OKC,Quincy Pondexter,22.111,G-F,us,University of Washington,2011,2018,302,17.3,5,2,0.8,0.4,0.2,0.419,0.469,0.357,0.738,8.9,0.082
116,2012,NBA,2,37,TOR,Quincy Acy,21.271,F,us,Baylor University,2013,2018,327,16.1,5,3.5,0.6,0.4,0.4,0.447,0.505,0.356,0.761,8.8,0.08
117,2013,NBA,1,23,IND,Solomon Hill,22.107,F,us,University of Arizona,2014,2018,261,23.1,6.2,3.3,1.6,0.7,0.2,0.396,0.445,0.331,0.816,8.7,0.069
118,2014,NBA,2,38,DET,Spencer Dinwiddie,21.086,G,us,University of Colorado,2015,2018,185,23,8.9,2.6,4.5,0.7,0.3,0.387,0.446,0.315,0.798,8.7,0.098
119,2014,NBA,2,46,WAS,Jordan Clarkson,22.024,G,us,University of Missouri,2015,2018,301,27.6,14.1,3.2,2.8,0.9,0.1,0.443,0.488,0.339,0.807,8.7,0.05
120,2014,NBA,1,16,CHI,Jusuf Nurkic,19.312,C,ba,,2015,2018,238,21.6,10.4,7.3,1.5,0.8,1.2,0.485,0.488,0,0.612,8.6,0.081
121,2013,NBA,1,14,UTA,Shabazz Muhammad,20.231,F-G,us,"University of California, Los Angeles",2014,2018,278,17.2,9,2.8,0.5,0.3,0.1,0.473,0.51,0.319,0.751,8.5,0.085
122,2013,NBA,1,9,MIN,Trey Burke,20.232,G,us,University of Michigan,2014,2018,303,24.4,10.9,2.1,3.8,0.6,0.1,0.404,0.441,0.339,0.791,8.3,0.054
123,2010,NBA,2,55,UTA,Jeremy Evans,22.249,F,us,Western Kentucky University,2011,2018,250,10.5,3.5,2.6,0.4,0.4,0.5,0.569,0.583,0.231,0.687,8.2,0.15
124,2014,NBA,1,3,PHI,Joel Embiid,20.107,C,cm,University of Kansas,2017,2018,94,28.7,22,9.9,2.8,0.7,2,0.478,0.518,0.327,0.774,8.1,0.144
125,2015,NBA,2,37,PHI,Richaun Holmes,21.258,F-C,us,Bowling Green State University,2016,2018,156,16.9,7.4,4.2,1,0.5,0.8,0.547,0.609,0.257,0.687,8.1,0.147
126,2012,NBA,1,10,NOH,Austin Rivers,19.336,G,us,Duke University,2013,2018,408,24.3,9.4,2,2.4,0.7,0.2,0.419,0.452,0.355,0.649,7.9,0.038
127,2015,NBA,1,23,POR,Rondae Hollis-Jefferson,20.178,F,us,University of Arizona,2016,2018,175,24.5,10.2,6.1,2.1,1.1,0.6,0.456,0.479,0.237,0.767,7.9,0.088
128,2014,NBA,1,11,DEN,Doug McDermott,22.18,F,us,Creighton University,2015,2018,264,20.7,7.9,2.3,0.8,0.2,0.1,0.452,0.485,0.403,0.822,7.7,0.068
129,2014,NBA,1,12,ORL,Dario Saric,20.084,F,hr,,2017,2018,159,27.9,13.7,6.5,2.4,0.7,0.3,0.431,0.484,0.355,0.82,7.6,0.082
130,2012,NBA,1,4,CLE,Dion Waiters,20.206,G,us,Syracuse University,2013,2018,365,28.7,13.3,2.7,2.8,1,0.3,0.412,0.441,0.341,0.701,7.5,0.034
131,2015,NBA,1,22,CHI,Bobby Portis,20.14,F,us,University of Arkansas,2016,2018,199,18.8,9.2,5.7,1.1,0.5,0.3,0.463,0.498,0.345,0.737,7.3,0.094
132,2010,NBA,1,16,MIN,Luke Babbitt,21.009,F,us,"University of Nevada, Reno",2011,2018,381,14,4.8,2.2,0.6,0.2,0.2,0.408,0.417,0.402,0.747,7.2,0.065
133,2011,NBA,1,20,MIN,Donatas Motiejunas,20.281,F-C,lt,,2013,2017,248,18.4,7.4,3.8,1.1,0.5,0.3,0.469,0.529,0.3,0.6,7.2,0.076
134,2015,NBA,1,12,UTA,Trey Lyles,19.237,F,ca,University of Kentucky,2016,2018,224,17.5,7.4,3.9,1,0.4,0.3,0.435,0.483,0.358,0.703,6.9,0.084
135,2013,NBA,2,39,POR,Jeff Withey,23.118,C,us,University of Kansas,2014,2018,206,10.1,3.2,2.5,0.3,0.3,0.8,0.525,0.537,0.143,0.716,6.8,0.157
136,2013,NBA,1,25,LAC,Reggie Bullock,22.109,G-F,us,University of North Carolina,2014,2018,209,16.1,5.5,1.9,0.8,0.4,0.1,0.448,0.501,0.403,0.798,6.7,0.096
137,2015,NBA,1,16,BOS,Terry Rozier,21.105,G,us,University of Louisville,2016,2018,193,18.9,7.2,3.5,2.1,0.7,0.2,0.377,0.395,0.355,0.773,6.7,0.088
138,2015,NBA,1,19,WAS,Jerian Grant,22.264,G,us,University of Notre Dame,2016,2018,213,18.7,6.6,2,3,0.8,0.1,0.411,0.464,0.313,0.784,6.6,0.08
139,2010,NBA,1,27,NJN,Jordan Crawford,21.249,G,us,Xavier University,2011,2018,281,24.4,12.2,2.5,3.1,0.7,0.1,0.411,0.458,0.317,0.826,6.3,0.044
140,2015,NBA,1,13,PHO,Devin Booker,18.242,G,us,University of Kentucky,2016,2018,208,32.2,19.8,3.3,3.5,0.8,0.3,0.426,0.455,0.365,0.849,6.3,0.045
141,2010,NBA,2,35,WAS,Nemanja Bjelica,22.051,F,rs,,2016,2018,192,18.9,6.1,3.8,1.3,0.6,0.3,0.449,0.528,0.371,0.752,6.2,0.081
142,2015,NBA,1,15,ATL,Kelly Oubre,19.203,F,us,University of Kansas,2016,2018,223,20.2,7.6,3.4,0.7,0.7,0.3,0.412,0.482,0.322,0.78,6.2,0.066
143,2015,NBA,1,20,TOR,Delon Wright,23.065,G,us,University of Utah,2016,2018,123,17.1,6.6,2.3,2.3,0.9,0.4,0.455,0.498,0.362,0.797,6.2,0.142
144,2013,NBA,1,16,BOS,Lucas Nogueira,20.341,C,br,,2015,2018,141,12.4,3.2,2.8,0.5,0.6,1,0.632,0.681,0.265,0.64,6,0.165
145,2010,NBA,1,17,CHI,Kevin Seraphin,20.204,F,gf,,2011,2017,423,15.2,5.9,3.5,0.6,0.2,0.7,0.489,0.491,0,0.715,5.9,0.044
146,2012,NBA,1,30,GSW,Festus Ezeli,22.256,C,ng,Vanderbilt University,2013,2016,170,14.1,4.2,4.3,0.4,0.3,1,0.513,0.513,,0.557,5.9,0.119
147,2012,NBA,2,32,WAS,Tomas Satoransky,20.247,G,cz,,2017,2018,130,18.2,5.2,2.4,2.9,0.6,0.2,0.493,0.524,0.406,0.76,5.6,0.113
148,2015,NBA,1,24,CLE,Tyus Jones,19.05,G,us,Duke University,2016,2018,179,15.7,4.4,1.4,2.8,1,0.1,0.423,0.473,0.341,0.81,5.5,0.093
149,2011,NBA,2,42,IND,Davis Bertans,18.227,F,lv,,2017,2018,144,13.2,5.3,1.7,0.8,0.3,0.4,0.44,0.577,0.384,0.819,5.3,0.135
150,2013,NBA,2,55,MEM,Joffrey Lauvergne,21.276,C-F,fr,,2015,2018,208,13.6,5.6,3.8,0.9,0.3,0.2,0.479,0.52,0.285,0.719,5.2,0.089
151,2014,NBA,1,13,MIN,Zach LaVine,19.113,G,us,"University of California, Los Angeles",2015,2018,230,28.7,14,3,3.2,0.8,0.2,0.437,0.47,0.373,0.82,5.2,0.038
152,2015,NBA,2,35,PHI,Willy Hernangomez,21.034,C,es,,2017,2018,120,15.2,6.9,5.7,1.1,0.5,0.4,0.536,0.545,0.333,0.698,5.2,0.137
153,2014,NBA,1,9,CHH,Noah Vonleh,18.311,F,us,Indiana University,2015,2018,231,15.5,4.1,4.7,0.4,0.3,0.3,0.444,0.474,0.297,0.664,5.1,0.068
154,2015,NBA,1,10,MIA,Justise Winslow,19.095,F,us,Duke University,2016,2018,164,27.7,7.5,5.3,2,0.9,0.4,0.41,0.44,0.314,0.653,5,0.053
155,2015,NBA,2,46,MIL,Norman Powell,22.036,G,us,"University of California, Los Angeles",2016,2018,195,16.2,6.6,2,1.1,0.6,0.2,0.427,0.498,0.324,0.801,5,0.075
156,2014,NBA,2,33,CLE,Joe Harris,22.299,G,us,University of Virginia,2015,2018,186,19.5,7.6,2.4,1.1,0.4,0.2,0.459,0.548,0.4,0.774,4.9,0.065
157,2012,NBA,1,5,SAC,Thomas Robinson,21.109,F,us,University of Kansas,2013,2017,313,13.4,4.9,4.8,0.6,0.5,0.4,0.47,0.472,0,0.505,4.6,0.053
158,2013,NBA,1,7,SAC,Ben McLemore,20.141,G,us,University of Kansas,2014,2018,349,24.5,9.1,2.6,1.2,0.7,0.2,0.417,0.468,0.351,0.785,4.5,0.025
159,2013,NBA,1,11,PHI,Michael Carter-Williams,21.266,G,us,Syracuse University,2014,2018,287,27.5,11.5,4.7,4.9,1.4,0.6,0.402,0.434,0.25,0.707,4.4,0.027
160,2013,NBA,1,18,ATL,Shane Larkin,20.273,G,us,University of Miami,2014,2018,256,19.1,5.5,1.9,2.9,0.9,0.1,0.422,0.454,0.336,0.777,4.4,0.044
161,2014,NBA,1,24,CHH,Shabazz Napier,22.353,G,us,University of Connecticut,2015,2018,233,15.7,5.7,1.7,1.9,0.8,0.1,0.395,0.422,0.363,0.802,4.4,0.058
162,2013,NBA,2,32,OKC,Alex Abrines,19.335,G-F,es,,2017,2018,143,15.3,5.3,1.4,0.5,0.5,0.1,0.394,0.433,0.38,0.874,4.3,0.095
163,2015,NBA,1,18,HOU,Sam Dekker,21.055,F,us,University of Wisconsin,2016,2018,153,15.1,5.3,3,0.7,0.4,0.2,0.481,0.592,0.283,0.605,4.3,0.09
164,2015,NBA,1,21,DAL,Justin Anderson,21.223,G,us,University of Virginia,2016,2018,168,14.3,5.8,2.8,0.7,0.4,0.3,0.422,0.528,0.3,0.784,4.3,0.086
165,2015,NBA,1,30,GSW,Kevon Looney,19.144,F-C,us,"University of California, Los Angeles",2016,2018,124,11.1,3.3,2.8,0.6,0.4,0.6,0.56,0.577,0.25,0.568,4.3,0.149
166,2012,NBA,2,46,NOH,Darius Miller,22.105,F,us,University of Kentucky,2013,2018,184,18.5,5.2,1.6,1.1,0.4,0.2,0.435,0.507,0.394,0.856,4.2,0.06
167,2013,NBA,2,34,HOU,Isaiah Canaan,22.043,G,us,Murray State University,2014,2018,205,20.3,8.4,1.9,1.8,0.6,0.1,0.369,0.399,0.351,0.839,4.2,0.048
168,2011,NBA,1,6,WAS,Jan Vesely,21.065,F,cz,,2012,2014,162,15.2,3.6,3.5,0.6,0.7,0.5,0.521,0.523,0,0.408,4,0.078
169,2014,NBA,2,40,MIN,Glenn Robinson III,20.174,G-F,us,University of Michigan,2015,2018,172,14.7,4.4,2.3,0.6,0.4,0.2,0.445,0.477,0.381,0.707,4,0.077
170,2012,NBA,1,19,ORL,Andrew Nicholson,22.208,F,ca,St. Bonaventure University,2013,2017,285,14.3,6,3,0.4,0.3,0.3,0.467,0.498,0.321,0.773,3.8,0.045
171,2012,NBA,2,45,PHI,Justin Hamilton,22.094,C,us,Louisiana State University,2014,2017,113,17.4,6.1,3.6,0.8,0.5,0.6,0.464,0.56,0.309,0.798,3.7,0.091
172,2013,NBA,2,47,ATL,Raul Neto,21.044,G,br,,2016,2018,162,14.5,4.7,1.2,1.7,0.6,0.1,0.439,0.469,0.388,0.754,3.4,0.07
173,2010,NBA,1,20,SAS,James Anderson,21.096,G-F,us,Oklahoma State University,2011,2016,247,17.5,5.8,2.3,1.2,0.5,0.2,0.411,0.495,0.321,0.755,3.3,0.037
174,2015,NBA,2,44,PHO,Andrew Harrison,20.245,G,us,University of Kentucky,2017,2018,128,21.9,7.5,2.1,2.9,0.7,0.4,0.378,0.424,0.302,0.771,3.3,0.056
175,2011,NBA,1,25,BOS,MarShon Brooks,22.153,G-F,us,Providence College,2012,2018,171,17.9,8.2,2.2,1.5,0.6,0.2,0.447,0.471,0.359,0.757,3.2,0.05
176,2011,NBA,1,26,DAL,Jordan Hamilton,20.265,G-F,us,University of Texas at Austin,2012,2016,151,13.9,5.9,2.8,0.8,0.5,0.2,0.408,0.451,0.357,0.67,3,0.069
177,2011,NBA,1,28,CHI,Norris Cole,22.258,G,us,Cleveland State University,2012,2017,360,22.3,7,2,2.7,0.8,0.1,0.407,0.436,0.324,0.743,3,0.018
178,2013,NBA,2,48,LAL,Ryan Kelly,22.085,F,us,Duke University,2014,2017,163,19.2,6,3.1,1.3,0.5,0.5,0.378,0.416,0.316,0.797,3,0.046
179,2015,NBA,1,3,PHI,Jahlil Okafor,19.197,C-F,us,Duke University,2016,2018,131,23.5,12.9,5.3,1,0.3,1,0.515,0.517,0.2,0.682,3,0.047
180,2014,NBA,1,27,PHO,Bogdan Bogdanovic,21.317,G,rs,,2018,2018,78,27.9,11.8,2.9,3.3,0.9,0.2,0.446,0.485,0.392,0.84,2.9,0.064
181,2015,NBA,1,8,DET,Stanley Johnson,19.031,F,us,University of Arizona,2016,2018,219,22.6,7,3.4,1.5,0.9,0.2,0.37,0.417,0.295,0.76,2.8,0.027
182,2015,NBA,2,41,BRK,Pat Connaughton,22.175,G,us,University of Notre Dame,2016,2018,155,12.6,3.7,1.6,0.8,0.2,0.2,0.421,0.482,0.364,0.845,2.8,0.07
183,2012,NBA,1,23,ATL,John Jenkins,21.12,G,us,Vanderbilt University,2013,2017,145,12.8,5.1,1.5,0.8,0.2,0.1,0.448,0.513,0.364,0.849,2.7,0.071
184,2014,NBA,1,8,SAC,Nik Stauskas,20.267,G,ca,University of Michigan,2015,2018,267,21.1,7,2.1,1.6,0.4,0.3,0.386,0.435,0.349,0.801,2.7,0.023
185,2015,NBA,1,25,MEM,Jarell Martin,21.037,F,us,Louisiana State University,2016,2018,142,18.3,6.2,4,0.7,0.5,0.5,0.436,0.455,0.344,0.763,2.7,0.051
186,2015,NBA,1,5,ORL,Mario Hezonja,20.125,F-G,hr,,2016,2018,219,18.4,6.9,2.8,1.3,0.7,0.3,0.418,0.487,0.332,0.837,2.5,0.029
187,2011,NBA,1,10,MIL,Jimmer Fredette,22.123,G,us,Brigham Young University,2012,2016,235,13.4,6,1,1.4,0.4,0,0.412,0.432,0.381,0.876,2.4,0.037
188,2012,NBA,2,60,LAL,Robert Sacre,23.028,C,us,Gonzaga University,2013,2016,189,14.5,4.2,3.1,0.7,0.3,0.6,0.436,0.437,0,0.671,2.4,0.042
189,2011,NBA,1,18,WAS,Chris Singleton,21.219,F,us,Florida State University,2012,2014,148,17.6,4.1,3.2,0.6,0.8,0.4,0.376,0.4,0.319,0.633,2.3,0.042
190,2011,NBA,2,45,NOH,Josh Harrellson,22.136,C,us,University of Kentucky,2012,2014,75,11.8,3.5,3,0.3,0.4,0.5,0.438,0.497,0.347,0.629,2.1,0.116
191,2013,NBA,2,36,SAC,Ray McCallum,22.021,G,us,University of Detroit Mercy,2014,2016,154,18.2,6,2,2.4,0.5,0.2,0.408,0.43,0.335,0.711,2.1,0.035
192,2012,NBA,2,33,CLE,Bernard James,27.148,C,us,Florida State University,2013,2015,92,8.3,2.2,2.3,0.1,0.2,0.7,0.497,0.507,0,0.68,1.9,0.117
193,2012,NBA,2,58,MIN,Robbie Hummel,23.118,F,us,Purdue University,2014,2015,98,14.3,3.9,2.7,0.5,0.3,0.1,0.418,0.469,0.343,0.867,1.9,0.066
194,2015,NBA,1,14,OKC,Cameron Payne,20.326,G,us,Murray State University,2016,2018,113,15.4,5.9,1.8,2.4,0.7,0.2,0.386,0.42,0.34,0.75,1.8,0.049
195,2010,NBA,2,44,MIL,Jerome Jordan,23.274,C,jm,University of Tulsa,2012,2015,65,7.6,2.8,2,0.3,0.1,0.3,0.528,0.528,,0.852,1.7,0.168
196,2012,NBA,1,27,MIA,Arnett Moultrie,21.228,F,us,Mississippi State University,2013,2014,59,12.4,3.6,3.1,0.2,0.4,0.2,0.547,0.547,,0.667,1.7,0.113
197,2012,NBA,1,28,OKC,Perry Jones,20.283,F,us,Baylor University,2013,2015,143,11.7,3.4,1.8,0.4,0.3,0.2,0.42,0.466,0.293,0.66,1.7,0.048
198,2014,NBA,1,5,UTA,Dante Exum,18.353,G,au,,2015,2018,162,20.2,5.7,1.8,2.2,0.4,0.2,0.395,0.483,0.306,0.757,1.7,0.025
199,2015,NBA,1,2,LAL,D'Angelo Russell,19.127,G,us,Ohio State University,2016,2018,191,27.8,14.6,3.6,4.3,1.1,0.2,0.409,0.455,0.344,0.754,1.7,0.015
200,2011,NBA,2,53,ORL,DeAndre Liggins,23.089,G,us,University of Kentucky,2012,2018,177,10.8,2,1.4,0.7,0.6,0.2,0.402,0.432,0.352,0.549,1.6,0.04
201,2012,NBA,2,36,SAC,Orlando Johnson,23.115,G,us,"University of California, Santa Barbara",2013,2016,103,10.8,3.2,1.7,0.7,0.2,0.1,0.358,0.398,0.311,0.727,1.4,0.059
202,2012,NBA,2,53,LAC,Furkan Aldemir,20.329,F-C,tr,,2015,2015,41,13.2,2.3,4.3,0.7,0.4,0.4,0.513,0.548,0,0.481,1.4,0.122
203,2011,NBA,2,36,NJN,Jordan Williams,20.26,F,us,University of Maryland,2012,2012,43,14.8,4.6,3.6,0.3,0.5,0.3,0.507,0.507,,0.652,1.3,0.101
204,2012,NBA,2,31,CHA,Jeff Taylor,23.042,F,se,Vanderbilt University,2013,2015,132,19.4,6.1,2,0.8,0.5,0.2,0.409,0.458,0.319,0.665,1.3,0.024
205,2014,NBA,1,18,PHO,Tyler Ennis,19.311,G,ca,Syracuse University,2015,2018,186,12.6,4.2,1.3,1.9,0.5,0.1,0.419,0.458,0.317,0.768,1.3,0.026
206,2014,NBA,1,21,OKC,Mitch McGary,22.025,F-C,us,University of Michigan,2015,2016,52,10.7,4.4,3.5,0.3,0.3,0.3,0.527,0.544,0,0.58,1.3,0.108
207,2014,NBA,2,32,PHI,K.J. McDaniels,21.142,G-F,us,Clemson University,2015,2017,148,14.1,5.3,2.2,0.6,0.5,0.6,0.412,0.479,0.29,0.776,1.3,0.03
208,2013,NBA,1,29,OKC,Archie Goodwin,18.319,G,us,University of Kentucky,2014,2017,165,14.5,6.3,2,1.2,0.4,0.2,0.429,0.484,0.236,0.7,1.1,0.022
209,2014,NBA,2,44,MIN,Markel Brown,22.154,G,us,Oklahoma State University,2015,2018,113,15.9,5.2,2.1,1.2,0.6,0.2,0.38,0.427,0.295,0.781,1.1,0.029
210,2010,NBA,1,29,ORL,Daniel Orton,19.327,C-F,us,University of Kentucky,2012,2014,51,10.6,2.8,2.5,0.5,0.4,0.5,0.485,0.49,0,0.597,1,0.093
211,2012,NBA,1,13,PHO,Kendall Marshall,20.319,G,us,University of North Carolina,2013,2016,160,19.3,5,1.6,4.9,0.7,0.1,0.399,0.422,0.37,0.611,1,0.015
212,2010,NBA,2,52,BOS,Luke Harangody,22.179,F,us,University of Notre Dame,2011,2012,70,12.4,3.6,2.8,0.5,0.3,0.3,0.376,0.44,0.241,0.737,0.9,0.048
213,2013,NBA,2,38,WAS,Nate Wolters,22.049,G,us,South Dakota State University,2014,2018,84,18.8,5.5,2.2,2.5,0.5,0.2,0.423,0.452,0.261,0.635,0.9,0.028
214,2014,NBA,1,26,MIA,P.J. Hairston,21.189,G-F,us,University of North Carolina,2015,2016,111,18,6,2.4,0.5,0.5,0.2,0.343,0.414,0.295,0.81,0.9,0.021
215,2014,NBA,2,60,SAS,Cory Jefferson,23.188,F,us,Baylor University,2015,2016,58,10,3.5,2.8,0.3,0.2,0.4,0.444,0.474,0.125,0.583,0.9,0.071
216,2015,NBA,2,31,MIN,Cedi Osman,20.083,F,mk,,2018,2018,61,11,3.9,2,0.7,0.4,0,0.484,0.586,0.368,0.565,0.9,0.064
217,2010,NBA,1,12,MEM,Xavier Henry,19.106,G,be,University of Kansas,2011,2015,185,15.7,5.7,1.9,0.6,0.5,0.1,0.406,0.419,0.325,0.635,0.8,0.013
218,2013,NBA,1,19,CLE,Sergey Karasev,19.249,G-F,ru,,2014,2016,95,11.7,3,1.5,0.9,0.3,0,0.395,0.489,0.282,0.842,0.8,0.036
219,2014,NBA,1,17,BOS,James Young,18.319,G-F,us,University of Kentucky,2015,2018,95,8.5,2.3,1,0.3,0.3,0.1,0.367,0.534,0.277,0.563,0.8,0.046
220,2010,NBA,1,22,POR,Elliot Williams,21.009,G,us,University of Memphis,2012,2016,109,13.5,4.9,1.5,0.9,0.4,0.1,0.421,0.489,0.31,0.669,0.7,0.024
221,2010,NBA,2,41,MIA,Jarvis Varnado,22.12,F,us,Mississippi State University,2013,2014,37,10.7,2.9,1.9,0.4,0.3,0.8,0.582,0.582,,0.518,0.7,0.089
222,2014,NBA,1,29,OKC,Josh Huestis,22.195,F,us,Stanford University,2016,2018,76,14.1,2.5,2.4,0.3,0.2,0.6,0.346,0.4,0.312,0.24,0.7,0.03
223,2014,NBA,2,35,UTA,Jarnell Stokes,20.175,F-C,us,University of Tennessee,2015,2017,28,5.4,2.4,1.4,0.3,0.3,0.2,0.581,0.581,,0.531,0.6,0.202
224,2015,NBA,1,29,BRK,Chris McCullough,20.145,F,us,Syracuse University,2016,2018,59,9,3.3,1.9,0.3,0.5,0.3,0.426,0.47,0.306,0.548,0.6,0.054
225,2015,NBA,2,48,OKC,Dakari Johnson,19.281,C,us,University of Kentucky,2018,2018,31,5.2,1.8,1.1,0.3,0.2,0.3,0.564,0.564,,0.55,0.6,0.178
226,2010,NBA,2,32,MIA,Dexter Pittman,22.119,C,us,University of Texas at Austin,2011,2014,50,6.9,2.3,1.8,0.2,0.2,0.2,0.45,0.45,,0.545,0.5,0.068
227,2010,NBA,2,43,LAL,Devin Ebanks,20.244,F,us,West Virginia University,2011,2013,63,11.3,3.6,1.9,0.4,0.3,0.2,0.385,0.418,0.222,0.722,0.5,0.035
228,2011,NBA,2,44,GSW,Charles Jenkins,22.12,G,us,Hofstra University,2012,2013,110,12.1,3.7,0.9,1.9,0.4,0.1,0.434,0.449,0.182,0.754,0.5,0.017
229,2011,NBA,2,52,DET,Vernon Macklin,24.282,F,us,University of Florida,2012,2012,23,5.9,2,1.5,0.2,0.2,0.2,0.543,0.543,,0.571,0.5,0.161
230,2013,NBA,1,1,CLE,Anthony Bennett,20.11,F,ca,"University of Nevada, Las Vegas",2014,2017,151,12.6,4.4,3.1,0.5,0.4,0.2,0.392,0.427,0.261,0.67,0.5,0.013
231,2014,NBA,2,58,SAS,Jordan McRae,23.096,G,us,University of Tennessee,2016,2017,59,9.8,4.4,1,0.7,0.2,0.1,0.404,0.413,0.384,0.774,0.5,0.043
232,2015,NBA,2,33,BOS,Jordan Mickey,20.356,F,us,Louisiana State University,2016,2018,64,7.5,2.4,2,0.3,0.1,0.4,0.449,0.496,0.118,0.605,0.5,0.05
233,2015,NBA,2,36,MIN,Rakeem Christmas,23.212,F,us,Syracuse University,2016,2017,30,7.5,2.1,1.9,0.1,0.1,0.2,0.467,0.467,,0.724,0.5,0.105
234,2011,NBA,2,43,CHI,Malcolm Lee,21.037,G,us,"University of California, Los Angeles",2012,2015,36,14.8,3.9,1.8,1.4,0.6,0.3,0.382,0.412,0.294,0.703,0.4,0.04
235,2014,NBA,1,22,MEM,Jordan Adams,19.358,G,us,"University of California, Los Angeles",2015,2016,32,8.2,3.2,0.9,0.6,0.6,0.2,0.402,0.409,0.385,0.607,0.4,0.07
236,2015,NBA,2,43,IND,Joseph Young,23.003,G,us,University of Oregon,2016,2018,127,8.5,3.4,1,0.9,0.3,0,0.393,0.438,0.296,0.768,0.4,0.016
237,2010,NBA,1,25,MEM,Dominique Jones,21.257,G,us,University of South Florida,2011,2013,80,9.3,3.1,1.4,1.8,0.4,0.1,0.366,0.393,0.095,0.729,0.3,0.017
238,2010,NBA,2,58,LAL,Derrick Caracter,22.056,F,us,University of Texas at El Paso,2011,2011,41,5.2,2,1,0.2,0.1,0.2,0.485,0.485,,0.739,0.3,0.057
239,2011,NBA,2,39,CHA,Jeremy Tyler,20.007,C,us,,2012,2014,104,9.9,3.6,2.6,0.2,0.2,0.4,0.45,0.451,0,0.557,0.3,0.014
240,2012,NBA,2,48,NYK,Kostas Papanikolaou,21.338,F,gr,,2015,2016,69,15.8,3.6,2.3,1.5,0.6,0.3,0.354,0.416,0.297,0.688,0.3,0.015
241,2015,NBA,1,28,BOS,R.J. Hunter,21.249,G,us,Georgia State University,2016,2018,44,8.4,2.6,1,0.4,0.4,0.1,0.361,0.512,0.282,0.889,0.3,0.039
242,2015,NBA,2,38,DET,Darrun Hilliard,22.078,G,us,Villanova University,2016,2018,91,9.4,3.2,0.9,0.8,0.2,0,0.377,0.42,0.304,0.747,0.3,0.016
243,2010,NBA,1,30,WAS,Lazar Hayward,23.216,F,us,Marquette University,2011,2013,72,8.2,2.9,1.3,0.5,0.2,0.1,0.347,0.395,0.269,0.767,0.2,0.02
244,2010,NBA,2,54,LAC,Willie Warren,20.25,G,us,University of Oklahoma,2011,2011,19,7.1,1.9,0.6,1.4,0.3,0,0.371,0.4,0.333,0.75,0.2,0.065
245,2011,NBA,1,27,NJN,JaJuan Johnson,22.14,F,us,Purdue University,2012,2012,36,8.3,3.2,1.6,0.2,0.1,0.4,0.446,0.446,,0.667,0.2,0.032
246,2012,NBA,1,24,CLE,Jared Cunningham,21.043,G,us,Oregon State University,2013,2016,84,7.2,2.3,0.7,0.5,0.3,0,0.347,0.369,0.306,0.674,0.2,0.017
247,2012,NBA,2,44,DET,Kim English,23.283,G,us,University of Missouri,2013,2013,41,9.9,2.9,0.9,0.6,0.4,0.1,0.375,0.452,0.28,0.724,0.2,0.021
248,2012,NBA,2,52,GSW,Ognjen Kuzmic,22.049,C,ba,,2014,2015,37,4.4,0.9,1,0.2,0.1,0.1,0.52,0.52,,0.6,0.2,0.061
249,2013,NBA,2,37,DET,Tony Mitchell,21.086,F,us,University of North Texas,2014,2014,21,3.8,1,1.2,0.1,0.3,0.1,0.417,0.364,1,0.579,0.2,0.151
250,2014,NBA,2,36,MIL,Johnny O'Bryant III,21.03,F-C,us,Louisiana State University,2015,2018,147,11.5,3.5,2.4,0.5,0.2,0.1,0.402,0.406,0.36,0.663,0.2,0.006
251,2014,NBA,2,43,ATL,Walter Tavares,22.101,C,cv,,2016,2017,13,7.8,2.5,2.5,0.3,0.1,0.9,0.625,0.625,,0.273,0.2,0.118
252,2010,NBA,2,57,IND,Ryan Reid,23.243,F,us,Florida State University,2012,2012,5,3.4,1.6,0.4,0,0,0,0.8,0.8,,,0.1,0.142
253,2011,NBA,2,47,LAC,Travis Leslie,21.091,G,us,University of Georgia,2012,2012,10,4.5,1.4,0.9,0.5,0.2,0.2,0.357,0.357,,0.444,0.1,0.06
254,2012,NBA,2,42,MIL,Doron Lamb,20.24,G,us,University of Kentucky,2013,2014,100,12.7,3.5,1,0.8,0.2,0,0.381,0.372,0.394,0.7,0.1,0.005
255,2013,NBA,2,46,UTA,Erick Green,22.055,G,us,Virginia Polytechnic Institute and State University,2015,2016,52,8.7,3.1,0.7,0.8,0.3,0,0.377,0.415,0.288,0.857,0.1,0.011
256,2014,NBA,1,28,LAC,C.J. Wilcox,23.184,G,us,University of Washington,2015,2017,66,5.7,2,0.5,0.5,0.2,0.1,0.37,0.397,0.333,0.813,0.1,0.007
257,2014,NBA,2,48,MIL,Lamar Patterson,22.324,G-F,us,University of Pittsburgh,2016,2017,40,10.9,2.3,1.4,1.1,0.3,0.1,0.326,0.45,0.236,0.72,0.1,0.006
258,2014,NBA,2,55,MIA,Semaj Christon,21.242,G,us,Xavier University,2017,2017,64,15.2,2.9,1.4,2,0.4,0.1,0.345,0.406,0.19,0.548,0.1,0.006
259,2010,NBA,1,24,ATL,Damion James,22.266,G-F,us,University of Texas at Austin,2011,2014,39,16,3.8,3.4,0.7,0.6,0.5,0.415,0.433,0,0.667,0,-0.001
260,2010,NBA,2,46,PHO,Gani Lawal,21.234,F,us,Georgia Institute of Technology,2011,2011,1,2,0,0,0,0,0,,,,,0,-0.009
261,2010,NBA,2,50,DAL,Solomon Alabi,22.1,C,ng,Florida State University,2011,2012,26,7,1.5,2.3,0.2,0.2,0.4,0.314,0.314,,0.7,0,0.01
262,2010,NBA,2,53,ATL,Pape Sy,22.085,F,fr,,2011,2011,3,7,2.3,1,0.7,0.3,0,0.333,0.4,0,1,0,-0.047
263,2010,NBA,2,56,MIN,Hamady N'Diaye,23.169,C,sn,Rutgers University,2011,2014,33,4.8,0.6,0.8,0.1,0.1,0.3,0.467,0.467,,0.462,0,0.013
264,2011,NBA,2,37,LAC,Trey Thompkins,21.039,F,us,University of Georgia,2012,2012,24,5,2.4,1,0.1,0.1,0.1,0.393,0.417,0.308,0.714,0,0.004
265,2011,NBA,2,46,LAL,Andrew Goudelock,22.203,G,us,College of Charleston,2012,2016,49,9.7,4,0.7,0.5,0.2,0,0.393,0.429,0.345,0.875,0,0.003
266,2011,NBA,2,48,ATL,Keith Benson,22.319,C,us,Oakland University,2012,2012,3,3,0,1,0,0,0,0,0,,,0,-0.005
267,2012,NBA,1,16,HOU,Royce White,21.085,F,us,Iowa State University,2014,2014,3,3,0,0,0,0,0,0,0,,,0,-0.121
268,2012,NBA,1,22,BOS,Fab Melo,22.014,C,br,Syracuse University,2013,2013,6,6,1.2,0.5,0,0.3,0.3,0.5,0.5,,0.25,0,0.021
269,2013,NBA,2,33,CLE,Carrick Felix,22.32,G,us,Arizona State University,2014,2014,7,5.4,2.7,0.9,0.6,0,0,0.5,0.556,0.4,0.75,0,0.057
270,2013,NBA,2,41,MEM,Jamaal Franklin,21.347,G,us,San Diego State University,2014,2015,24,7.3,1.8,1,0.4,0.2,0.1,0.415,0.393,0.462,1,0,-0.006
271,2013,NBA,2,42,PHI,Pierre Jackson,21.308,G,us,Baylor University,2017,2017,8,10.5,4.4,1.1,2.4,0.3,0,0.333,0.357,0.273,0.857,0,0.021
272,2014,NBA,2,51,NYK,Thanasis Antetokounmpo,21.349,F,gr,,2016,2016,2,3,3,0.5,0,0,0,0.75,1,0,,0,0.291
273,2015,NBA,2,56,NOP,Branden Dawson,22.149,F,us,Michigan State University,2016,2016,6,4.8,0.8,0.7,0,0,0.2,0.4,0.4,,1,0,0.069
274,2010,NBA,2,31,NJN,Tibor Pleiss,20.239,C,de,,2016,2016,12,6.8,2,1.3,0.2,0.1,0.2,0.44,0.478,0,1,-0.1,-0.041
275,2010,NBA,2,34,POR,Armon Johnson,21.126,G,us,"University of Nevada, Reno",2011,2012,47,8.5,3.3,1,1.2,0.2,0,0.458,0.465,0.4,0.679,-0.1,-0.015
276,2011,NBA,2,35,SAC,Tyler Honeycutt,20.348,F,us,"University of California, Los Angeles",2012,2013,24,5,1.2,1,0.4,0.2,0.2,0.314,0.333,0.2,0.714,-0.1,-0.049
277,2012,NBA,2,38,DEN,Quincy Miller,19.227,F,us,Baylor University,2013,2015,69,13.5,4.3,2.4,0.5,0.4,0.5,0.35,0.383,0.292,0.706,-0.1,-0.003
278,2012,NBA,2,51,BOS,Kris Joseph,23.199,F,ca,Syracuse University,2013,2013,10,5.4,0.9,0.7,0.1,0.3,0,0.143,0.182,0,0.625,-0.1,-0.127
279,2013,NBA,2,40,POR,Grant Jerrett,19.359,F,us,University of Arizona,2015,2015,8,6.4,2,1.1,0.4,0.3,0.3,0.269,0.545,0.067,1,-0.1,-0.128
280,2013,NBA,2,49,CHI,Erik Murphy,22.25,F,fr,University of Florida,2014,2014,24,2.6,0.3,0.3,0.1,0,0.2,0.231,0.3,0,,-0.1,-0.055
281,2013,NBA,2,52,MIN,Lorenzo Brown,22.311,G,us,North Carolina State University,2014,2018,77,12.6,3.1,1.6,2,0.6,0.1,0.375,0.466,0.154,0.684,-0.1,-0.003
282,2014,NBA,2,31,MIL,Damien Inglis,19.042,F,gf,,2016,2016,20,7.8,1.8,1.6,0.5,0.3,0.2,0.351,0.417,0.231,0.875,-0.1,-0.024
283,2014,NBA,2,42,HOU,Nick Johnson,21.191,G,us,University of Arizona,2015,2015,28,9.4,2.6,1.4,0.4,0.3,0.1,0.347,0.389,0.238,0.68,-0.1,-0.02
284,2014,NBA,2,49,CHI,Cameron Bairstow,23.207,F-C,au,University of New Mexico,2015,2016,36,4.6,1.2,1,0.2,0.1,0.1,0.296,0.306,0.2,0.846,-0.1,-0.021
285,2010,NBA,1,21,OKC,Craig Brackins,22.264,F,us,Iowa State University,2011,2012,17,7.1,1.8,1.1,0.5,0.1,0.1,0.265,0.286,0.214,0.5,-0.2,-0.089
286,2010,NBA,2,37,MIL,Darington Hobson,22.274,G,us,University of New Mexico,2012,2012,5,7.8,0.8,0.6,1.2,0,0,0.154,0.286,0,,-0.2,-0.225
287,2010,NBA,2,38,NYK,Andy Rautins,23.24,G,us,Syracuse University,2011,2011,5,4.8,1.6,0.2,0.6,0.2,0,0.429,0.667,0.25,0.5,-0.2,-0.314
288,2012,NBA,2,54,PHI,Tornike Shengelia,20.272,F,ge,,2013,2014,45,5.5,1.3,0.9,0.4,0.1,0,0.451,0.512,0.125,0.5,-0.2,-0.032
289,2013,NBA,2,35,PHI,Glen Rice,22.183,G,us,Georgia Institute of Technology,2014,2015,16,9.5,2.7,1.5,0.6,0.4,0.1,0.269,0.286,0.25,0.692,-0.2,-0.065
290,2013,NBA,2,56,DET,Peyton Siva,22.252,G,us,University of Louisville,2014,2014,24,9.3,2.3,0.6,1.4,0.4,0,0.316,0.344,0.28,0.733,-0.2,-0.032
291,2014,NBA,2,47,PHI,Russ Smith,23.074,G,us,University of Louisville,2015,2016,27,4.9,2,0.6,0.7,0.3,0,0.319,0.387,0.188,0.769,-0.2,-0.068
292,2015,NBA,2,34,LAL,Anthony Brown,22.263,F-G,us,Stanford University,2016,2018,41,18.6,3.9,2.5,0.7,0.5,0.1,0.328,0.38,0.286,0.85,-0.2,-0.016
293,2011,NBA,2,32,CLE,Justin Harper,21.302,F,us,University of Richmond,2012,2017,22,6.8,2,0.8,0.2,0.1,0.1,0.34,0.417,0.276,0.333,-0.3,-0.093
294,2011,NBA,2,41,LAL,Darius Morris,20.176,G,us,University of Michigan,2012,2015,132,11.1,3.3,1,1.4,0.3,0,0.384,0.416,0.322,0.63,-0.3,-0.01
295,2012,NBA,2,47,UTA,Kevin Murphy,22.12,G,us,Tennessee Technological University,2013,2013,17,3.1,0.9,0.2,0.1,0.1,0,0.25,0.261,0.2,,-0.3,-0.272
296,2012,NBA,2,55,DAL,Darius Johnson-Odom,22.279,G,us,Marquette University,2013,2014,7,3,0,0.9,0.3,0.1,0,0,0,0,0,-0.3,-0.597
297,2014,NBA,2,56,DEN,Roy Devyn Marble,21.283,G-F,us,University of Iowa,2015,2016,44,10.4,2.2,1.6,0.7,0.5,0.1,0.304,0.377,0.222,0.375,-0.3,-0.028
298,2013,NBA,1,30,PHO,Nemanja Nedovic,22.017,G,rs,,2014,2014,24,5.9,1.1,0.6,0.5,0,0,0.205,0.238,0.167,0.875,-0.4,-0.132
299,2014,NBA,1,20,TOR,Bruno Caboclo,18.283,F,br,,2015,2018,35,6.1,1.5,1,0.3,0.2,0.2,0.282,0.316,0.242,0.833,-0.4,-0.08
300,2013,NBA,2,43,MIL,Ricky Ledo,20.295,G,us,Providence College,2014,2015,28,9.9,3.9,1.4,0.8,0.3,0,0.336,0.321,0.371,0.769,-0.6,-0.096
301,2014,NBA,1,15,ATL,Adreian Payne,23.133,F-C,us,Michigan State University,2015,2018,107,13.1,4,2.9,0.6,0.4,0.3,0.406,0.43,0.254,0.68,-0.6,-0.019
302,2014,NBA,2,34,NYK,Cleanthony Early,23.076,F,us,Wichita State University,2015,2016,56,14.3,4.3,2.2,0.8,0.5,0.3,0.346,0.4,0.263,0.75,-0.6,-0.039
303,2015,NBA,1,17,MIL,Rashad Vaughn,18.317,G,us,"University of Nevada, Las Vegas",2016,2018,139,12,3,1.1,0.5,0.4,0.2,0.337,0.366,0.313,0.692,-0.6,-0.017
304,2011,NBA,2,49,MEM,Josh Selby,20.093,G,us,University of Kansas,2012,2013,38,7.8,2.2,0.5,0.9,0.2,0,0.33,0.384,0.143,0.72,-0.7,-0.113
305,2011,NBA,1,21,POR,Nolan Smith,22.338,G,us,Duke University,2012,2013,84,9.9,3.3,1,1.2,0.3,0,0.371,0.407,0.26,0.714,-0.8,-0.047
306,2012,NBA,1,29,CHI,Marquis Teague,19.125,G,us,University of Kentucky,2013,2018,91,10,2.4,1,1.5,0.3,0.1,0.343,0.369,0.222,0.661,-0.9,-0.045
307,2012,NBA,2,41,POR,Tyshawn Taylor,22.083,G,us,University of Kansas,2013,2014,61,8,2.9,0.5,0.9,0.4,0,0.354,0.353,0.36,0.684,-0.9,-0.088
308,2012,NBA,1,25,MEM,Tony Wroten,19.081,G,us,University of Washington,2013,2016,145,21.2,11.1,2.5,3,0.9,0.2,0.413,0.477,0.231,0.647,-1.3,-0.021
309,2015,NBA,1,7,DEN,Emmanuel Mudiay,19.116,G,cd,,2016,2018,187,25.2,10.8,3,4.3,0.8,0.3,0.374,0.396,0.317,0.731,-2,-0.02
,,,,,,,,,,,,,,,,,,,,,,,,,
,,,,,,,,,,,,,,,,,,,,,,,,,
